,mean,sd,mc_error,hpd_2.5,hpd_97.5,n_eff,Rhat
mu_beta_0,34.428802269770735,0.49197399492896887,0.005266668932696767,33.47818556230903,35.39357240773939,4000.0,1.0001882050071875
mu_beta_round,0.11259376168252144,0.24580475511977565,0.0025761495998475673,-0.39810483928474144,0.5622295886038138,4000.0,0.9998009304969618
mu_beta_trial,1.4762597455050868,0.20517382811818893,0.0024020222808028616,1.0784391201645978,1.8881639166865383,4000.0,0.9999764298986347
beta_0__0,31.558150468718317,0.7909348039011437,0.007723251688267501,29.975823574810907,33.13310321672214,4000.0,0.999752224438231
beta_0__1,32.76569580483074,0.7591154113652726,0.008065018819608015,31.297907420446883,34.26444611793966,4000.0,0.9997893004818594
beta_0__2,26.580514083299217,0.7730054782843322,0.008039856582687488,25.11123895070835,28.186950527741896,4000.0,0.9997577055365876
beta_0__3,32.562368310640224,0.897274461190248,0.008194852488095785,30.87919421158729,34.38266162860871,4000.0,0.9997512225053504
beta_0__4,28.79971672895403,0.8005965644561146,0.008800728723728824,27.18628539671727,30.301337787812653,4000.0,1.0000155998408629
beta_0__5,27.86772895431585,0.9489506261032504,0.009086217950807475,25.963763111316997,29.726259722262284,4000.0,0.999769014782492
beta_0__6,45.00333098515203,0.6231667609343995,0.006389610589876696,43.79919036703089,46.209248388037686,4000.0,0.9997511341398694
beta_0__7,23.968285870445044,0.7847923872934808,0.007597859414311419,22.410882731128805,25.45267996434727,4000.0,0.9997574126575419
beta_0__8,36.522613645275754,0.7811284046800028,0.008750451478967984,35.05343864612242,38.17229504801458,4000.0,0.9998809517491402
beta_0__9,27.873983488376428,0.8063167648897603,0.007498409510545943,26.223338116381633,29.354616043691706,4000.0,0.9997569761747922
beta_0__10,29.63878917500979,0.7279452152683213,0.00802973039955793,28.29610623960655,31.159509943583867,4000.0,0.9997748217077016
beta_0__11,39.3657387497199,0.5938808853574535,0.00535294499607585,38.22309051133813,40.530714548289815,4000.0,0.9997706617707828
beta_0__12,24.628324416719746,0.8555312808400947,0.009179927020911822,22.97784964243594,26.29203068446595,4000.0,0.999823390088184
beta_0__13,35.67671316752642,0.7997770491277341,0.008319252049034827,34.17184144854645,37.28881411844356,4000.0,0.9997767900008563
beta_0__14,28.38321461178599,0.7117455420841523,0.006972540084011131,27.05098607134867,29.830962136019156,4000.0,0.9997977205425929
beta_0__15,28.30049125954839,0.7745452924390771,0.007738354319247197,26.82536200431931,29.843968125814516,4000.0,0.9997598432142355
beta_0__16,34.555813661876805,0.7350419180902131,0.007501231807604022,33.19271235117723,36.062551565650836,4000.0,0.9998326466421666
beta_0__17,30.115281095582013,0.7427685372204101,0.007552951721093775,28.71110502433661,31.600870472752455,4000.0,0.9997609709617853
beta_0__18,35.30031954951176,0.7819255891448402,0.007527433485135754,33.67301882957291,36.773891111188924,4000.0,0.9998243163660328
beta_0__19,29.048471285483558,0.8851142545998358,0.009310697993139574,27.320279167789394,30.733026269237968,4000.0,0.9997694374745674
beta_0__20,40.99279889317713,0.7204600786881639,0.007423718925418444,39.660588825047675,42.39762727345113,4000.0,0.9997507282849386
beta_0__21,29.258084827550753,0.8023901971864796,0.007150972011363783,27.763406302296435,30.838967182626053,4000.0,0.999755572267635
beta_0__22,34.33106529669621,0.7436124747580679,0.006874502751193253,32.86645560130942,35.75031137092039,4000.0,0.9997896522461129
beta_0__23,30.833057769992276,0.855940672629564,0.008636210968206333,29.100181432502577,32.447603924770966,4000.0,0.9997602960902737
beta_0__24,36.712608489836136,0.7097745892615676,0.007707526899206113,35.36495528325643,38.103049691977944,4000.0,1.000498136149285
beta_0__25,30.343633467590912,0.810637874630951,0.008716863316853608,28.811465044492465,31.95485588804258,4000.0,0.9997634036512317
beta_0__26,37.38881554797604,0.6639168742275454,0.006511411430303998,36.08087951847794,38.70163364911939,4000.0,0.9998185301479323
beta_0__27,33.06273431832534,0.6659312864549684,0.006889046945020375,31.75711067189942,34.34602682422763,4000.0,0.9998616334786677
beta_0__28,36.7900106570362,0.6010683543790486,0.0063603098987386935,35.5763596301281,37.92293009147184,4000.0,1.0002110966168254
beta_0__29,44.853815136488436,0.3865676980617347,0.003775447173037004,44.10728837455019,45.6286080739916,4000.0,0.9998332791818383
beta_0__30,31.854902040338548,0.9614354358112799,0.00935976978989448,29.948567347295278,33.69863872296546,4000.0,0.9997692383603999
beta_0__31,22.435968776351675,0.8388631323756498,0.009137185813472755,20.76564709466871,24.112090734171385,4000.0,0.9997509233745768
beta_0__32,33.034960692273245,0.8165696773647327,0.00814793556044527,31.390360017416512,34.6050826422784,4000.0,0.9997630084451192
beta_0__33,31.80267834898227,0.7751314099299506,0.007584483281519845,30.33623192131928,33.41275874842204,4000.0,0.9997714638054811
beta_0__34,28.840884195467776,0.718766791201781,0.007079668782290575,27.41326936016099,30.205307897079795,4000.0,1.0004467700414208
beta_0__35,36.646979088225905,0.65439588641925,0.007615878059724503,35.32397715862519,37.86577528775844,4000.0,0.9999032252120095
beta_0__36,36.64733505900502,0.8624181158705574,0.008405476344239314,34.91500550518426,38.23389293374622,4000.0,0.9998247255199366
beta_0__37,22.431324624049413,0.8537421569920163,0.008544207626494714,20.70502368772115,24.09917295336462,4000.0,0.9998859160468786
beta_0__38,27.755389195776704,0.8210788708983492,0.0082839135033259,26.180213858341894,29.33462791195411,4000.0,0.9997652695353032
beta_0__39,33.20300320386893,0.7942821680327503,0.00709947845543194,31.709052523308415,34.81638645455554,4000.0,0.9998500955638024
beta_0__40,27.001137189436598,0.8824493152446061,0.00905666515351832,25.264724067395584,28.747800662658317,4000.0,0.9997500357040765
beta_0__41,41.51608789525334,0.6781337803920031,0.007320219179106055,40.18275187097465,42.852969477041285,4000.0,1.000043821711723
beta_0__42,30.144002280092124,0.7945232911376314,0.008810235057400449,28.636658463562696,31.724101813272625,4000.0,0.9997517630673085
beta_0__43,36.68698307766326,0.7028080363231977,0.0065270980834073195,35.30176252392745,38.06133134417274,4000.0,0.9998713114226512
beta_0__44,26.382958532692058,0.8003848678582683,0.008230452799357467,24.833615757142056,28.00210151120188,4000.0,0.9999195689389255
beta_0__45,36.44163873864478,0.6463263835153982,0.005991871929953719,35.08675602103136,37.63608326713425,4000.0,0.999751154921215
beta_0__46,28.072145678052532,0.7619473613498532,0.00782707370594157,26.58865791995688,29.565019050895653,4000.0,0.9997639986194257
beta_0__47,34.90067192803242,0.7418069391202068,0.00739174155319606,33.35394734729649,36.23782874296374,4000.0,0.999797486202009
beta_0__48,34.20748465433674,0.8268528768692759,0.008037062871768997,32.59606951222752,35.76061965916333,4000.0,1.0000614149372093
beta_0__49,26.48771825362582,0.8055964690595926,0.007916132001119656,24.921021722198386,28.054195529091064,4000.0,0.999769410832174
beta_0__50,27.599559204881942,0.8632190752592488,0.008652059280967147,25.90796380034325,29.28421579225153,4000.0,0.9997981946556156
beta_0__51,34.945645008589565,0.6219129815274235,0.006531048361338934,33.75357557915568,36.159951444915805,4000.0,0.9997648279974697
beta_0__52,35.24815994068154,0.7740119017219319,0.0072076422542055405,33.73365847422549,36.735650712130756,4000.0,0.9997610682324504
beta_0__53,31.266610467604735,0.7696538024161068,0.007999381375026966,29.80711125829953,32.80255245972883,4000.0,0.9997989829470421
beta_0__54,32.856323132886246,0.6972527034349788,0.007289108199734424,31.498064230812172,34.18408134774368,4000.0,0.9997503376972094
beta_0__55,29.92043562893176,0.7870302130073238,0.0073003767960514495,28.399287631938172,31.569668378271217,4000.0,0.9997846225051882
beta_0__56,32.87159833139522,0.756239169129425,0.007970113682446947,31.447535111410446,34.43286720748091,4000.0,0.9997521468550782
beta_0__57,30.968450421673555,0.6928610401591127,0.006861966575447978,29.64014437632379,32.32853487665823,4000.0,0.9998039679579435
beta_0__58,37.799441375080946,0.6593605733299969,0.0064464616611468115,36.48930950950801,39.03344182019452,4000.0,0.9998191137287643
beta_0__59,23.229587797684413,0.750902920839885,0.0076318350061378186,21.7799616777681,24.690329674953393,4000.0,0.999750018833457
beta_0__60,29.65293221873245,0.7893410213275973,0.007786299465257662,28.13409644000195,31.18127565142707,4000.0,0.9997803716794827
beta_0__61,35.929435810058905,0.8124549112833819,0.007954906785198595,34.36357206317888,37.44890525784349,4000.0,0.9998151597659936
beta_0__62,36.34623469269197,0.7473707057167034,0.007156289561170972,34.85982394945496,37.798094491416386,4000.0,0.9999713443245539
beta_0__63,24.588751866909565,0.7065982328136176,0.007730031490378747,23.21993169885457,25.925686451195585,4000.0,0.9997509369701466
beta_0__64,33.80140374717154,0.7438088739632731,0.007472129812090125,32.269037313889136,35.18671114164703,4000.0,0.9998220468920178
beta_0__65,28.99744796826822,0.8225742240080506,0.009465655724178958,27.371417535791096,30.554034383910505,4000.0,0.9997707673442445
beta_0__66,35.50033999071274,0.7276633881798991,0.006633841216810982,34.05395685757273,36.88213106039784,4000.0,1.0001370649625398
beta_0__67,29.959038467905245,0.765800178320198,0.007894812751265762,28.457736192547152,31.444063650692318,4000.0,1.000629765834156
beta_0__68,43.609281724573336,0.512225507036961,0.004679723246829347,42.60369158449928,44.56894439727318,4000.0,0.9997585850244949
beta_0__69,24.811994142822964,0.8022393020188656,0.008070846334149975,23.111842304400415,26.338644220990215,4000.0,0.9997620095610993
beta_0__70,36.079380972857834,0.7602828177478438,0.0064803458917234895,34.53646598037905,37.54015722853869,4000.0,0.9998132303534154
beta_0__71,27.379103935826027,0.7354822737737737,0.007578274536107388,25.911391425386068,28.79371110888607,4000.0,0.9998228892091913
beta_0__72,35.55299523907184,0.7901587212746068,0.00820055615091359,34.04082944825296,37.144069116770055,4000.0,0.9998693492580512
beta_0__73,27.562485478822826,0.7960756873957813,0.007858953984167492,25.93524738051279,29.021148120259408,4000.0,0.9998135395263428
beta_0__74,42.823030896594055,0.533052793717789,0.005196372323578988,41.87306888542103,43.94286304822455,4000.0,0.9999395465745748
beta_0__75,28.72211174987035,0.8168167684974317,0.008230164052298462,27.214950077504454,30.322146405239245,4000.0,0.9998369712665831
beta_0__76,35.299239023057055,0.6651698963329497,0.0057929883881816,33.99869328418825,36.595782842460395,4000.0,0.999824843148626
beta_0__77,31.24081533560619,0.729147818301335,0.006736706948680618,29.88650905387001,32.69211639414771,4000.0,0.9998482115822058
beta_0__78,32.95631942237917,0.8096458006200705,0.008086287695206402,31.419292368100333,34.52735230590374,4000.0,0.999783964498147
beta_0__79,36.381466521764054,0.7360414341089243,0.007322780553905693,34.96092716934431,37.80434413216084,4000.0,0.9999590634506625
beta_0__80,27.819639772422587,0.8243419140411137,0.009374039346398005,26.21734920650814,29.38187543592854,4000.0,0.999808970111365
beta_0__81,38.21413316338932,0.5692213320677769,0.00586036533756833,37.02392594374773,39.2738398073674,4000.0,0.9998132708777099
beta_0__82,33.077409848070445,0.8190953443051893,0.00787226229368213,31.475291097048665,34.62324778582477,4000.0,0.9999172803958872
beta_0__83,37.997298154521374,0.6574080192061618,0.006100126368824675,36.72737110970942,39.29633944766994,4000.0,0.999860459807527
beta_0__84,26.267518957634213,0.8132483865036769,0.0073355797763413515,24.690107158217312,27.83706755757609,4000.0,0.9997948235505263
beta_0__85,41.452398939660064,0.6818782451427543,0.007310635730030114,40.1123287623949,42.77614240715632,4000.0,0.9999585218991222
beta_0__86,40.75013562679375,0.6840329915639947,0.006360722956646854,39.40947795574991,42.0821776873028,4000.0,0.9998921142386872
beta_0__87,43.151868345373494,0.5136911716446646,0.005608195408150429,42.12929050577934,44.14004537718638,4000.0,1.0000554503971293
beta_0__88,40.40008477220463,0.6515147415750551,0.005994063757952598,39.12629075740979,41.687221080187605,4000.0,0.9997504789715252
beta_0__89,44.01729330354964,0.6086014234988949,0.005822524103510327,42.7797229505795,45.13648809163599,4000.0,0.9997672840196199
beta_0__90,36.86073285413715,0.6282270506846194,0.006304046289551694,35.63706231510994,38.08073393332299,4000.0,0.9997930457953413
beta_0__91,42.95983343978423,0.6545821699039303,0.0071523851083286905,41.706368526796155,44.29314797887553,4000.0,0.9997531615493279
beta_0__92,39.18100836753474,0.5603115674110711,0.005369684769540916,38.062677187144864,40.241390383500864,4000.0,0.999790199073651
beta_0__93,44.38933956624753,0.49782132468128487,0.005064079328922877,43.455100426891846,45.38940664558658,4000.0,1.000144106540088
beta_0__94,38.95423832871981,0.563120968450392,0.005331348758075045,37.82005580349825,40.029895820582475,4000.0,1.0001446797229605
beta_0__95,44.64438473227466,0.5193128685435249,0.005266682217415045,43.626201926440075,45.655130883964475,4000.0,0.9997687759190897
beta_0__96,30.382138582341213,0.736287407744073,0.007360948629560123,28.974341066782763,31.834792766023025,4000.0,0.9998224298659881
beta_0__97,45.33234880857198,0.564482414997726,0.005877949398397931,44.1766951317802,46.371812860343915,4000.0,0.9998920437261822
beta_0__98,33.74446790806451,0.7545663571465092,0.007400561570395097,32.27563098634817,35.228691145793825,4000.0,0.9998045960006711
beta_0__99,32.38786627955262,0.7656136017350432,0.007541774155717974,30.900683027799015,33.875862859844005,4000.0,0.9999294359291201
beta_0__100,43.4556598099245,0.586944258606103,0.005839053884103265,42.3399006336452,44.601633249207424,4000.0,1.00046923651818
beta_0__101,33.43605830666451,0.8100239164627445,0.008135852563993962,31.827613115094202,35.004943577422225,4000.0,0.9998124378560385
beta_0__102,27.734536318453625,0.8412177537640901,0.00911997920855128,26.15126172421693,29.47501194409974,4000.0,0.9997626486462678
beta_0__103,33.564835769777005,0.6533317684903714,0.006766431913956397,32.32805649768814,34.873969071580014,4000.0,0.9997499720056304
beta_0__104,28.267772677342837,0.7719089991366067,0.008248464520402917,26.841520390529723,29.841762468676084,4000.0,0.9997798762024581
beta_0__105,37.516999684269585,0.7892742847022979,0.008117132781205212,35.91909909772507,39.01558450421067,4000.0,0.9997587865166898
beta_0__106,32.49831830538972,0.7866249419297766,0.00822477012372645,30.998407845504502,34.03796367398592,4000.0,0.9997509244654441
beta_0__107,34.32583842943108,0.8953685205320605,0.00901439866511914,32.51316511465273,36.02061010965157,4000.0,0.9997927462300029
beta_0__108,40.05103941543742,0.5344435785413795,0.0051332492371794335,38.97963132730871,41.058287013437955,4000.0,0.9998305307148053
beta_0__109,42.9888511588404,0.6082904181746422,0.006472197400614499,41.789287999760205,44.12825294458506,4000.0,1.0001379060931215
beta_0__110,30.382953344809362,0.7150484987748923,0.0085180168820889,28.94599867120748,31.725548499517092,4000.0,0.9997759666974646
beta_0__111,38.18094222764347,0.6935651672226251,0.0065562698083829985,36.81896053733062,39.5529791818732,4000.0,0.9998972299081331
beta_0__112,33.287113806433815,0.8447215412584993,0.009701744810367752,31.622602809617625,34.90402772520233,4000.0,0.9997949710749444
beta_0__113,44.16722170208637,0.7110544866274218,0.007912730903586428,42.819228547018135,45.63606171639319,4000.0,0.9997622453331978
beta_0__114,29.789503946621704,0.8114989453054674,0.0076662828557524775,28.249083006430226,31.392442090474187,4000.0,0.9997581111685042
beta_0__115,32.547857806351104,0.6860643929099868,0.006275025161400297,31.24236052289028,33.941261462604054,4000.0,1.0000084970431733
beta_0__116,30.259289046971475,0.7281686893006735,0.00777560836399039,28.873557721292038,31.698901852769364,4000.0,0.9997625240872706
beta_0__117,41.297254355183796,0.8062302389033545,0.008878502078774421,39.80194550179591,42.90933630725733,4000.0,0.9997871632091548
beta_0__118,28.450324263409637,0.6528289915899783,0.00655818225699206,27.08040901411748,29.654920037917414,4000.0,0.9998815491865769
beta_0__119,41.99808762127536,0.7012481676050933,0.007070327508920131,40.67543185312473,43.33205131400342,4000.0,0.9997804493766428
beta_0__120,31.08008211897558,0.8532382966870818,0.00839938443713097,29.371338641705243,32.68758348096682,4000.0,0.9997583416635
beta_0__121,28.922506077887416,0.7903781758340288,0.008796970300489978,27.309257383866374,30.36401263953059,4000.0,0.9998211596663799
beta_0__122,44.669975740435866,0.5449948441153717,0.005034666407748474,43.64848310146578,45.74022765410251,4000.0,0.9997775920982261
beta_0__123,28.48740651812183,0.764368913130313,0.00855636377362996,26.971546200660878,29.969405118411157,4000.0,0.9997858818795988
beta_0__124,37.917490608381925,0.7406414492794623,0.0074734697133790485,36.33094986981434,39.276270155881235,4000.0,0.9997757903826492
beta_0__125,35.02707313193395,0.7790377026027431,0.007787798600534042,33.558159190222106,36.63661380914773,4000.0,1.0000331665845856
beta_0__126,44.32802693786385,0.6128928351124551,0.006705054081572165,43.121345048709436,45.56340207942721,4000.0,0.9997935653840628
beta_0__127,31.116981568858577,0.8308786972852322,0.008973509969823688,29.548518724094894,32.75845826196269,4000.0,0.9997504936220672
beta_0__128,31.848012226039597,0.7908300188766983,0.007376458837060969,30.26222306875366,33.3498798953397,4000.0,0.999752147978977
beta_0__129,28.4924703947228,0.7625837229707025,0.0076707190369843595,27.01664440582585,30.038877894868055,4000.0,0.9997543736410831
beta_0__130,39.851886955583964,0.6158724785843127,0.005929344044949569,38.710115980195056,41.09014692785122,4000.0,0.9997624420139066
beta_0__131,36.227944850401975,0.8230472825824057,0.008547460149759163,34.65947817562129,37.82520531162908,4000.0,1.000103668104952
beta_0__132,30.416639659788203,0.7194119554746038,0.007030375134749934,28.948666230138958,31.776767100086907,4000.0,0.9998045175634018
beta_0__133,35.12259298403943,0.6980451307783067,0.006203302329389532,33.72764205328191,36.4207961405491,4000.0,0.9999977423464512
beta_0__134,31.102223317948166,0.7304456475068657,0.007350849937226239,29.62082315721796,32.46455557684117,4000.0,0.9998129112893299
beta_0__135,40.73156123652437,0.620507521483985,0.006735811771088948,39.54311437390093,41.96198564492972,4000.0,0.9998569997457157
beta_0__136,32.821767659634915,0.806432046003956,0.007350560143626185,31.212141096750763,34.419960684921485,4000.0,0.9997642971257263
beta_0__137,38.11745609898032,0.6898700739172006,0.007411798125215642,36.7489850442377,39.45283080499809,4000.0,0.9997771820870348
beta_0__138,43.68543768296036,0.5982558309840036,0.006402703457953456,42.47239457199741,44.824597597978844,4000.0,0.9997888829106361
beta_0__139,34.78109216939284,0.7752688221669887,0.00829696896636389,33.316078595879695,36.28237119187713,4000.0,1.0001002560141323
beta_0__140,44.70705879589234,0.6041837305139962,0.006395357435130448,43.51732851488444,45.887190585097535,4000.0,0.9997501116345525
beta_0__141,31.00882010107385,0.718454770432772,0.006493485216576207,29.603179116741824,32.402319277311875,4000.0,1.0002223722926697
beta_0__142,44.98355130968036,0.6216307323367267,0.005375181680012816,43.748781713143856,46.20180302081381,4000.0,0.9997880750889362
beta_0__143,40.4396545018336,0.6584942165951363,0.007113485757238132,39.13654377138797,41.68253686656573,4000.0,0.9999693836120727
beta_0__144,35.7424727620224,0.7080292945371692,0.006654490539944729,34.36637267940018,37.146330470794915,4000.0,0.9998244448173147
beta_0__145,42.08596815027134,0.6233578484603315,0.006043041126201694,40.84094242165699,43.239550557824806,4000.0,1.0001985430654514
beta_0__146,39.06931709627453,0.6670903707808196,0.007122997987125371,37.76841206418094,40.35032064339591,4000.0,0.9998213604705067
beta_0__147,40.636184597022925,0.5729356953132666,0.005505599009214195,39.543930007355684,41.77771454901451,4000.0,0.9998244052965733
beta_0__148,31.944198983357914,0.7827648295995705,0.00902708010308762,30.403453644962006,33.4629802933803,4000.0,0.9997500126532365
beta_0__149,30.657834531003065,0.7125982279344633,0.006658394527048318,29.243350749348156,32.05223928590138,4000.0,0.9998915035519175
beta_0__150,45.07581050824473,0.576174529892166,0.005487160523179666,43.963398155415696,46.20000146728509,4000.0,0.9998197301514348
beta_0__151,36.31927535767625,0.6249162592055456,0.005895511368087579,35.085494266095104,37.55012443608284,4000.0,0.9998821110190718
beta_0__152,29.496389791503876,0.7611357758435388,0.007930130156796764,28.02407942243073,30.965393194241308,4000.0,0.9997573048467375
beta_0__153,35.66397176502539,0.7481135875024382,0.007531078012853548,34.25563458349411,37.16364774969658,4000.0,0.9997570055266318
beta_0__154,42.65717684572313,0.6073020565255339,0.005875010841167305,41.504914216894846,43.85016696999005,4000.0,0.9997896609809792
beta_0__155,32.85537892968849,0.7412716093908196,0.007260638972329331,31.407235992079126,34.30753636440269,4000.0,0.9997750182241399
beta_0__156,43.01352335072033,0.6834827672295304,0.007001549047188818,41.69769914114662,44.38493971364882,4000.0,0.999808093663928
beta_0__157,29.296890079763877,0.7634027039714987,0.00869512567818538,27.837787177258377,30.850553283814506,4000.0,0.9997503131379397
beta_0__158,41.224840436256734,0.7237426121767718,0.007074331941652967,39.848562194581866,42.68777978818247,4000.0,0.9998449315249222
beta_0__159,37.162397635096546,0.7668476062611341,0.008708327633392143,35.67392308124858,38.66511863999591,4000.0,0.9997797565149151
beta_round__0,2.652441691294544,1.151524943137539,0.010786489003279057,0.5179483658199117,4.994455975423585,4000.0,0.9999365342508751
beta_round__1,-2.1455061259780854,1.0897640156490338,0.010162776042652272,-4.220802265093163,-0.04391800617250774,4000.0,0.999897157284328
beta_round__2,2.8779875193244515,1.1222988389762785,0.011795945715022366,0.7667205862550532,5.063694769753459,4000.0,0.999773434549901
beta_round__3,5.916835784439791,1.2154663326927027,0.01287827312874669,3.604173167556783,8.337363677213865,4000.0,1.0000395518800516
beta_round__4,1.7746901273561546,1.1244253492858731,0.011657408625117046,-0.5147563185258606,3.8315873686853976,4000.0,0.9997886213443873
beta_round__5,1.6997847460156736,1.3243562493790215,0.01181595752452958,-0.8167436906582217,4.3436388523593354,4000.0,0.9997919082948125
beta_round__6,1.0014577810259224,0.9157271864190564,0.008882396341667858,-0.7883858560792678,2.7624093591717567,4000.0,0.9997536928301842
beta_round__7,-0.06605175248899861,1.149054571679963,0.010433924233147648,-2.3857365119917353,2.0798610524318275,4000.0,0.9998407600981069
beta_round__8,0.465326323587782,1.0859764116808146,0.01080426935011201,-1.6541985495193994,2.618729583053977,4000.0,0.9997926618986563
beta_round__9,-4.109546863742204,1.1385437542436625,0.01180018272738912,-6.279286018990193,-1.8058188709801013,4000.0,0.9997838845435221
beta_round__10,-3.3057171056149026,1.0737668321382856,0.011665330461480754,-5.496549505497928,-1.3193502460942494,4000.0,0.9999493322634634
beta_round__11,1.091336885108348,0.8856455733153472,0.009980202064020376,-0.6791197717888011,2.7651889341939992,4000.0,0.9997827982820827
beta_round__12,0.45039285482539876,1.24375911370205,0.013035646929174596,-1.838319978372573,3.0247944968685254,4000.0,0.9999235556812871
beta_round__13,0.4611589521485665,1.1465308576632554,0.012678415429780243,-1.955586991354322,2.5809390784747066,4000.0,1.0000853002885641
beta_round__14,-1.475863949581935,1.036563263226263,0.009832795560629215,-3.3815678778338585,0.6633401186488534,4000.0,0.9997982971697453
beta_round__15,0.9936146760588944,1.1212250013308005,0.010929749613741432,-1.117444481334569,3.249767214693138,4000.0,0.9997521034089186
beta_round__16,8.615984169756521,1.0342640236806109,0.01070083870651304,6.561142483659934,10.583875839315068,4000.0,0.9997679897544568
beta_round__17,4.888599532927607,1.1027243151992376,0.011937659111051076,2.759346476009685,7.007896762916035,4000.0,1.0001477935314447
beta_round__18,0.7213765754696775,1.1143188945680713,0.011371218955787642,-1.42259525658468,2.887678597194847,4000.0,1.0003060134060433
beta_round__19,0.2260729035279763,1.2318434616366931,0.01244548548919393,-2.246508792159035,2.6627056527367343,4000.0,0.999789514143111
beta_round__20,-1.0985124563880964,1.0262989227420947,0.01071725607490938,-3.101461001042078,0.8962008321752533,4000.0,0.9997542136724361
beta_round__21,-1.3475748070319085,1.1399016356573506,0.012052097434837254,-3.5698524075443747,0.9148269323865245,4000.0,0.9998864644876724
beta_round__22,2.2220507711500153,1.02942395159084,0.00951396941170879,0.22067150478507158,4.270254505469632,4000.0,0.9998388767771822
beta_round__23,-0.42577095589981345,1.1953638204478798,0.011225838469891137,-2.661170295548908,1.9105205652759998,4000.0,0.9997988934962432
beta_round__24,3.0039381780159835,1.019529929917093,0.011294945439945867,0.8488566145298595,4.925910327640767,4000.0,0.9997923422115159
beta_round__25,2.2246848218986353,1.1226969567033256,0.010845666526273645,-0.03727661148278261,4.350722185192873,4000.0,0.9998760076743548
beta_round__26,1.5728749840725216,1.0007420053782436,0.009293297503491189,-0.3782912031691101,3.5566483123877695,4000.0,1.0000042665268138
beta_round__27,1.7287452086396176,0.9688175118146853,0.009205493462561097,-0.15944054477507882,3.643508029286592,4000.0,0.9997518247462993
beta_round__28,2.7642266594404106,0.925265804822103,0.009442484804020221,0.9660738833585099,4.512619955796843,4000.0,0.9997598944497393
beta_round__29,1.4019949730313392,0.5758268109845822,0.005882425332834506,0.19747165217148716,2.479470739369411,4000.0,0.9997855397437451
beta_round__30,-1.2391284913761849,1.3581474032974492,0.01179809434569485,-3.9015371015173588,1.3807988340357549,4000.0,0.9997567168836986
beta_round__31,1.6037470191873728,1.158477022324265,0.013565146984472778,-0.5812177634457593,3.950943559532565,4000.0,1.0000147161854347
beta_round__32,3.477718838536265,1.1618740739051105,0.013284065733589076,1.3019800516183495,5.832032920391032,4000.0,0.9997519698225701
beta_round__33,2.2672232346573833,1.1024412893716646,0.012511114592909201,0.09823838121069206,4.439353101883199,4000.0,0.9997500871069085
beta_round__34,-1.34852381774407,1.0624961659168213,0.011013162237229758,-3.39074217687619,0.7215513159983521,4000.0,0.9997578901338695
beta_round__35,0.9401268425641035,0.9668839913006438,0.008663978073674597,-1.0005139708409687,2.754529733451691,4000.0,0.999749980060883
beta_round__36,-1.8583927780262461,1.2213862384718832,0.013236829152374577,-4.234063297961323,0.5952277976532536,4000.0,0.9997641385716604
beta_round__37,-1.7207154970777165,1.2141922116113086,0.012805221739348158,-4.057973431420502,0.5795259100668024,4000.0,0.9999310281288858
beta_round__38,-1.2402680797220327,1.1587490700370375,0.01256720145879417,-3.4978429063751437,1.0708924706055403,4000.0,0.999784155615002
beta_round__39,-3.565399560039507,1.1300543325942722,0.010101614043939104,-5.8722591755206235,-1.543277228445388,4000.0,0.9998267787813214
beta_round__40,-4.006115502273757,1.223556477613945,0.0110267163130116,-6.358266070339552,-1.5975412599552072,4000.0,0.9998626393521243
beta_round__41,2.6047048731853137,0.9618416160210668,0.010347303345234074,0.8042247795969911,4.552888527378843,4000.0,0.99995375246353
beta_round__42,-0.9802471780150628,1.1151447623161448,0.011054984916337112,-3.1144903267693356,1.2257711878815314,4000.0,0.9998206653603031
beta_round__43,4.827099209393942,1.0457646550678545,0.010661412152895684,2.7885580868432855,6.840484352114581,4000.0,0.9998905450232611
beta_round__44,1.0345768704631935,1.159890590916793,0.012355043746979776,-1.2689181533081955,3.260541572366226,4000.0,0.9997998800680622
beta_round__45,-2.3903425800881934,0.9596056037040593,0.009461805664930708,-4.184481952234135,-0.41258160675681543,4000.0,0.9997505806344508
beta_round__46,0.06889483465299782,1.1405406109065757,0.01172547190972438,-2.097784158264118,2.3393156616468067,4000.0,1.0000021471640166
beta_round__47,-1.4689999277676882,1.0705214186983736,0.010532085666809113,-3.5734147986370615,0.6333398322551029,4000.0,0.9998675764214514
beta_round__48,3.520487510941504,1.170434049525035,0.010392368411706678,1.1519137788300724,5.698209047795404,4000.0,0.9999808242641631
beta_round__49,-1.748501959893215,1.1256520432958799,0.010644777616800936,-3.998977257178754,0.30886058664659993,4000.0,0.9998029472987144
beta_round__50,1.4277472477042477,1.170859063952169,0.010899466021654253,-0.8912933422181258,3.6488110216376777,4000.0,0.9997509765565035
beta_round__51,-8.766879183884678,0.9494189924931833,0.010485492617596324,-10.668383231333888,-6.984151740150207,4000.0,0.9998525350577752
beta_round__52,0.5818384869414058,1.1182139636139152,0.011902836553782882,-1.6933319464095171,2.737510515612409,4000.0,0.999869072683531
beta_round__53,-1.1004311294401283,1.084555919212908,0.010478729063533383,-3.124650673472103,1.1696655626611558,4000.0,0.9998054783619617
beta_round__54,-3.1361090679835644,1.0729593616137358,0.011113297025947754,-5.342484036097986,-1.1061426728673993,4000.0,0.9998301153402366
beta_round__55,-0.4775374775226416,1.158615923542711,0.013183234426796992,-2.5199650552134245,1.9420628488518008,4000.0,0.9999666342836849
beta_round__56,-1.978751841332647,1.0553481578093515,0.010274164338705398,-3.9807171561956327,0.06603821505340586,4000.0,0.9998740440395816
beta_round__57,-0.606202481500566,0.9702753069190786,0.009233726384624878,-2.4829590937927697,1.2574533764944398,4000.0,0.9998175330953738
beta_round__58,2.5406324073083306,0.9724260496782653,0.010012852757905364,0.5966478064092843,4.459688199795813,4000.0,0.9997800100947299
beta_round__59,0.22724255160323087,1.0557798930796367,0.01102895859720839,-1.8383242600220493,2.2335510117438,4000.0,0.9997844296960823
beta_round__60,-0.7470883155032924,1.1405835885313864,0.010684613281940153,-3.018589076313372,1.385582859831187,4000.0,0.999805262430233
beta_round__61,-0.23667899624508007,1.1807927599432382,0.011812818365855677,-2.5489978897901007,2.0288797202390354,4000.0,0.9998177607050376
beta_round__62,-4.470240652662396,1.133827327778641,0.009670521776406336,-6.8641397900353525,-2.3353786795063924,4000.0,0.9999924044392914
beta_round__63,2.8599300048501193,1.0314627868975748,0.009023424667505007,0.93283373305965,5.0367113053558645,4000.0,0.9997515495734958
beta_round__64,-2.509758938262962,1.0627696469783705,0.009306578954738142,-4.546638027728422,-0.35914948533205215,4000.0,0.9997830604529111
beta_round__65,2.7308642596949553,1.1666972090948333,0.01107521202444833,0.4342271347324793,4.954087826511343,4000.0,0.9999998372600601
beta_round__66,-7.607399324595945,1.0729723267538964,0.011301074049917965,-9.816709495335301,-5.617503699426718,4000.0,0.9997504182339239
beta_round__67,-1.0076688114813932,1.0905676111498157,0.01225491505556855,-3.072577838914386,1.2194878334532198,4000.0,0.9997537991733937
beta_round__68,2.4951980236011773,0.7244362493561434,0.0075362128851982875,1.0850935541074176,3.9102342875406224,4000.0,0.9997499701010435
beta_round__69,-3.9470338185253024,1.1485907846689827,0.010380166770591963,-6.148320362972231,-1.708792565253422,4000.0,0.9997551770324322
beta_round__70,0.4312502266145017,1.0597137043294573,0.010352502646314115,-1.604823992011454,2.4841377280783425,4000.0,0.999754345758936
beta_round__71,-0.8422511022190137,1.069740324317073,0.01106540743952883,-2.8970298440577915,1.2230370712876888,4000.0,0.9997757474784262
beta_round__72,-2.8496160918875497,1.1339153981073904,0.011670400588495462,-4.998077104176796,-0.5681150180127608,4000.0,0.9999415932293199
beta_round__73,-3.3714340879611266,1.092274704259452,0.010643472483555223,-5.471197070544513,-1.214102131113088,4000.0,1.0001628113573588
beta_round__74,-1.3076192040996895,0.7845972853551412,0.008085729181075156,-2.8727541005109725,0.13012018153913982,4000.0,0.9998322701522021
beta_round__75,1.758630007058664,1.1273775399617583,0.009759347383185978,-0.39461195070201877,4.0510366495514,4000.0,0.9998973643882159
beta_round__76,4.493798029268044,0.9393869294643719,0.008678399589251994,2.773485970636839,6.444678169913943,4000.0,0.999770723675111
beta_round__77,1.9157727143318128,1.084798998330577,0.010430347653546128,-0.19866021633614672,4.038066174866919,4000.0,0.9997533590207485
beta_round__78,-0.9139294695608363,1.1767904318403946,0.010984925160614768,-3.1471277352458435,1.4342696002769195,4000.0,0.9999052584063642
beta_round__79,3.574528047216701,1.0100896682050953,0.011545139569503647,1.4717526626929804,5.440200156248455,4000.0,0.9997510420787341
beta_round__80,-0.8823097715007546,1.1438049143881273,0.011008508103090165,-3.3431642812741424,1.1200061403410697,4000.0,0.9997577013730566
beta_round__81,1.9718874116870537,0.8225435632435734,0.008835356327142304,0.3772233774806095,3.614928627063377,4000.0,0.9998783218461816
beta_round__82,5.376141199347869,1.1765511012209762,0.011946370551118976,3.0732694380558985,7.694584170071609,4000.0,0.9998892419441487
beta_round__83,-2.2027501433978243,0.9330963153070084,0.009886783511252786,-4.099833165513101,-0.4379102814745435,4000.0,0.9997873718798336
beta_round__84,0.47723130623861065,1.1430184174418518,0.012002144441885455,-1.7306105035073809,2.686078321975654,4000.0,0.999794065886716
beta_round__85,4.10716558648094,1.0644284064654288,0.012111098078679747,2.053650938685659,6.198860430680582,4000.0,0.9997530206929313
beta_round__86,5.933080834133993,1.0018325250284204,0.011332378557484804,3.9487221422608907,7.989786997536628,4000.0,0.9997502175630522
beta_round__87,1.405599602326372,0.7791919705952222,0.008039390829954682,-0.049499190114831254,2.9682330599991418,4000.0,0.9997587098490271
beta_round__88,0.46800553911104775,0.9688913777156722,0.009717665976841035,-1.4750430962841383,2.2830045224768134,4000.0,0.9999136386962438
beta_round__89,1.765826944904994,0.8985274888580178,0.009438616995712622,-0.08190406109956437,3.472335254220926,4000.0,0.999816779715692
beta_round__90,1.7610826368741266,0.9159548302967139,0.008450899440362031,-0.10282306395112384,3.4648171872425197,4000.0,0.9998773067199206
beta_round__91,-0.9732801295709966,0.9593899339384084,0.00972425892230754,-2.8139580143764955,0.9779220625948001,4000.0,0.9998664030500793
beta_round__92,-0.7774993369024493,0.8131330758374913,0.008155956237649446,-2.4180218195248893,0.8091754636268362,4000.0,0.9997500190980335
beta_round__93,-1.792333613912499,0.7806966798101649,0.007641210672765737,-3.3382390491846445,-0.3046651504848699,4000.0,0.9998413781895915
beta_round__94,0.3850311444894885,0.8495549872689191,0.008127509522084653,-1.2235292160016975,2.1020376627617248,4000.0,0.999775195757705
beta_round__95,0.8813147889560158,0.7867180343839102,0.008098501367914505,-0.5910752797461427,2.4688137537317494,4000.0,0.9997866685510469
beta_round__96,-1.3583866436110674,1.088860478091871,0.011338590084033085,-3.4518739728892034,0.8215716193587965,4000.0,0.9997656022782236
beta_round__97,1.7057018606972507,0.8424387514212608,0.008459571851967546,0.04690173533210096,3.3267323269820044,4000.0,0.9998733303056453
beta_round__98,4.908868816361437,1.1035086420302564,0.013346816590968277,2.7116982834038033,7.015518168231386,4000.0,0.9999834008479738
beta_round__99,-0.7644841598801518,1.0961803475830216,0.010157080121681419,-2.892880659857865,1.3621591734167686,4000.0,0.9997586643085179
beta_round__100,1.2569463495148017,0.8508561518973375,0.007696075880831228,-0.5464127246851034,2.8264422798775413,4000.0,1.0000002761639384
beta_round__101,1.1264947000551624,1.1574762828222604,0.011882209579669742,-1.0522353149500194,3.411850498129017,4000.0,0.9997556193136337
beta_round__102,-2.570611192282142,1.174881948049557,0.010193973858541842,-4.8915009226597235,-0.3564713888411506,4000.0,0.9997499709293736
beta_round__103,-5.27011083775965,0.9784479830629847,0.009958649937238294,-7.091631997588133,-3.2322407865665053,4000.0,0.9998509353451412
beta_round__104,-0.7303679739128084,1.0849134431430507,0.01139933275556383,-3.006263799171428,1.24568091664736,4000.0,0.999977559725586
beta_round__105,0.7755528493400518,1.1103050888078871,0.011683505219700675,-1.3702671325783116,2.9049335636340703,4000.0,0.9998179105159393
beta_round__106,-0.5826567510041482,1.1065072291202964,0.012181620371871408,-2.7602382476344505,1.5877628294957227,4000.0,0.9997564405839336
beta_round__107,0.1309115419030727,1.248942646127677,0.012282045000061016,-2.2116020713473845,2.5651010402513634,4000.0,0.9999118060431756
beta_round__108,-3.7196392329891395,0.7676318157014002,0.007385238322205935,-5.136052949749216,-2.1929515445682815,4000.0,0.9998644858710549
beta_round__109,0.04462169955168789,0.8789516846267834,0.007579955487051604,-1.627810065901762,1.7726067643385732,4000.0,0.999755477731078
beta_round__110,2.238447932324076,0.9996970770784841,0.009603422735214555,0.41408063588975563,4.266733123802958,4000.0,0.999890801522531
beta_round__111,-6.081423782759261,0.9922475890657877,0.010473112459088548,-7.939160033235298,-4.091137506026322,4000.0,1.0001098260757724
beta_round__112,5.560877959185425,1.2201888636239913,0.010752022062610367,3.1943790049261604,7.89974370491383,4000.0,0.9997501267065927
beta_round__113,1.6130495044150963,1.0008368161451222,0.008841703368202138,-0.2734835006286124,3.5776842803931266,4000.0,0.9999601583005588
beta_round__114,-0.3192524194866492,1.1445188622374387,0.01162049989524532,-2.6094361348405446,1.892134838146763,4000.0,0.9997586811389879
beta_round__115,5.163892041555068,0.9663506616524985,0.010296725946533181,3.1922565126036244,7.012301352075638,4000.0,0.9998938018916063
beta_round__116,-0.9760132189636589,1.0766917421611801,0.010673623318790201,-3.0306702533281493,1.1403222324886242,4000.0,0.9998018644384222
beta_round__117,0.3913540949983942,1.127768843472323,0.01172866514470763,-1.8187897328860085,2.538775871672464,4000.0,0.9997640412677629
beta_round__118,1.3813029217691328,0.9324804755544649,0.008527327767354875,-0.40489312952933687,3.2608456674721173,4000.0,0.9999392211141881
beta_round__119,-1.7023269837161965,1.0157143843869918,0.010426116686453726,-3.655254333793236,0.26361145953015497,4000.0,0.9998222951150837
beta_round__120,-8.776437716971314,1.2103124994060266,0.012381050344277358,-11.17603616838867,-6.470791559577011,4000.0,0.9999472078068634
beta_round__121,0.11136915980858693,1.162583273783033,0.011915457905564444,-2.089856920322744,2.3820386462622727,4000.0,0.9998710493460068
beta_round__122,0.5862170897911846,0.7983480147034235,0.007756862148432008,-0.9028472056381506,2.228436720587922,4000.0,0.9997715997549755
beta_round__123,-4.7703076517870056,1.0422597066625232,0.009422642653372398,-6.815835226609389,-2.7843947705901195,4000.0,0.9997503917289545
beta_round__124,-0.9157401811577366,1.0459388250912343,0.010263142741052927,-2.9217466104951586,1.14033760131882,4000.0,0.9997763078702445
beta_round__125,-2.1627089817197884,1.1008020465176067,0.011054548470078319,-4.317387249905815,-0.023953814626930026,4000.0,1.000056615271909
beta_round__126,-1.393190000268205,0.8845655064710453,0.009702697898452734,-3.186383157203167,0.3250855392908342,4000.0,0.9999910281736979
beta_round__127,-1.6874642893045184,1.1542232081691879,0.01114468818483791,-3.996357880074692,0.5251547655909905,4000.0,0.9998962627077819
beta_round__128,-1.1746024080639748,1.1274637055694527,0.010054907106492008,-3.4936332595266624,0.9344010808160799,4000.0,0.9998052297807605
beta_round__129,0.38400434615347895,1.1239281251358497,0.01189727655583125,-1.7800445586965403,2.6130951092459567,4000.0,0.9998100068916084
beta_round__130,0.7901902661385286,0.8953265293392343,0.009821340657062128,-1.0598777138942983,2.4549863085886674,4000.0,0.9998537556653232
beta_round__131,0.7598484103790409,1.1692011001839895,0.011374646843920259,-1.5666481002825514,2.9650270244719885,4000.0,0.9998461310773678
beta_round__132,-0.027532041693964733,1.0208272147696829,0.01044267367467483,-2.004810320928619,1.971558282037142,4000.0,1.0001554999254263
beta_round__133,-0.5704759339452029,1.0101601378799465,0.00968168784629556,-2.565121134840005,1.3381046083933938,4000.0,0.9998656252104974
beta_round__134,2.8924702624007534,1.0611302443349344,0.008673158365431232,0.8129438440050127,4.840191003634707,4000.0,0.9997658481389626
beta_round__135,-1.3438341943489716,0.9193229748863925,0.009254314631997588,-3.1834354781586622,0.3786329035810932,4000.0,0.9997908966352071
beta_round__136,-0.43695443510434423,1.1516141908077429,0.012974994974611062,-2.6499695132918824,1.8818604888168204,4000.0,1.0000192182556062
beta_round__137,-3.379480264887466,1.0174758582525818,0.010736955471696636,-5.396930715401674,-1.3129467992799702,4000.0,0.9997547138766655
beta_round__138,0.804739116868357,0.8904175322077135,0.00810377802882795,-0.9541774278473429,2.52102941965415,4000.0,0.9997985892468512
beta_round__139,0.5062600454917473,1.0999097848739954,0.011605326030221463,-1.578483022572972,2.7307123372532107,4000.0,0.9998567039567551
beta_round__140,0.14469255330698286,0.8964066982242438,0.008651659323817593,-1.6753413856955137,1.891141169049773,4000.0,0.9997519084955154
beta_round__141,0.7205154295052923,1.05807214958746,0.010697184582252096,-1.3377640157611561,2.709339773451439,4000.0,0.9997750878096766
beta_round__142,0.9629973160633422,0.9298734527128492,0.008227256682555938,-0.9084295330982742,2.7388474359297055,4000.0,0.9997819088841704
beta_round__143,6.111093391992626,0.9662108697232638,0.00896104091999935,4.236521350930142,8.013100943252509,4000.0,0.9997542945698699
beta_round__144,2.2796165633998964,1.0588960027943144,0.010814934408513732,0.24187725895286083,4.349272907079548,4000.0,0.9997500998590484
beta_round__145,-0.5940900581993469,0.9254812870749493,0.0086781952281222,-2.470565172802377,1.1143025240520879,4000.0,0.9997502770534241
beta_round__146,-1.3961853523489787,0.9801913115212139,0.010192257340741515,-3.3232158209097737,0.4780443560721285,4000.0,0.9998207554204127
beta_round__147,4.063296698185367,0.8288303857486501,0.008755344175161401,2.5422416475428586,5.758119155199002,4000.0,0.9997605550160067
beta_round__148,-2.793655780668203,1.1523334491886381,0.01075045359581411,-5.123607563954346,-0.5314404118007662,4000.0,0.9997499788226902
beta_round__149,-0.0990688526400486,1.0138347954980982,0.009790421073802878,-2.092319598920866,1.8488403178720514,4000.0,0.9997722515181086
beta_round__150,-0.4468729117983171,0.8520446777995905,0.009194829381473592,-2.063533556057603,1.2214856341972622,4000.0,0.9997831966096643
beta_round__151,-5.6843986486487275,0.9228341919186618,0.009375693967974972,-7.420293249918628,-3.839680743964436,4000.0,1.000008277526484
beta_round__152,1.2175936708581128,1.0823184652544544,0.010063701065641268,-0.8316723459056995,3.3143395389151693,4000.0,0.999861791713151
beta_round__153,-2.2014459541300457,1.1174464846029586,0.011248974857069178,-4.279790670059205,0.02863109666686736,4000.0,0.9998133724338406
beta_round__154,2.533130214274448,0.8792465140041568,0.00978891507379771,0.8442863716561138,4.207555520654657,4000.0,0.9997639852009949
beta_round__155,-2.058981348096904,1.068835174254828,0.011140912509071444,-4.147173074368633,0.07174749510722678,4000.0,0.9997502165074191
beta_round__156,3.1473285549927374,0.9398362670318631,0.009932040050753956,1.229584833058977,4.8174100846449,4000.0,0.9999479531178219
beta_round__157,1.3995542811891688,1.1410971602257698,0.013255695503564252,-0.7689144319387884,3.690127841530138,4000.0,0.9997774539310311
beta_round__158,-2.673581912887146,1.0645577309583585,0.010638793687451662,-4.774959063235433,-0.6295978536661269,4000.0,0.9998763170499196
beta_round__159,0.17109732162615288,1.1335724962184168,0.011016691711325428,-1.9859225394288957,2.4020170875725597,4000.0,1.0001679973566855
beta_trial__0,0.1878841214524643,0.750777474632627,0.007732542793709547,-1.2477145732801038,1.6393663752234942,4000.0,0.9999162150524495
beta_trial__1,-0.7267728461806924,0.754296200390909,0.006363313882627075,-2.2025935083521833,0.6953124864886968,4000.0,0.9998427056412693
beta_trial__2,2.0434118528577785,0.7499931580773082,0.00728843186176639,0.6153193749878919,3.4929807427962514,4000.0,0.9998409132050192
beta_trial__3,2.035165442979291,0.8461016022529007,0.007986910042854232,0.314110781903694,3.6477733300612227,4000.0,0.9997557351429479
beta_trial__4,-1.3900910733689726,0.7565050916787037,0.0069417683638667415,-2.8424061334619304,0.14123663961569033,4000.0,0.9998802266163525
beta_trial__5,-0.7469472728255682,0.8896797922890413,0.007201531295748928,-2.341278069506371,1.1915801728474174,4000.0,0.9998146044092644
beta_trial__6,5.001800156759471,0.6232461587553964,0.005602747937034478,3.8042763897331566,6.1872512367059835,4000.0,0.9997578032730455
beta_trial__7,-0.11133843248499033,0.789383444207466,0.008325139275161864,-1.6166964057720759,1.5084388001972637,4000.0,1.000123818046272
beta_trial__8,-2.134106548889186,0.7173737513825883,0.007330982796549498,-3.491088769176887,-0.6876232237995943,4000.0,1.0000181687365661
beta_trial__9,0.06466727904291886,0.774445429655954,0.00762268497062635,-1.4648301035560551,1.597580270657878,4000.0,0.9998574940676894
beta_trial__10,0.5475464281815844,0.7314905446750913,0.006950374711335412,-0.8173163086685274,1.9504144999625523,4000.0,0.999756393149191
beta_trial__11,0.2747379023707945,0.5913825782782496,0.006489013088453279,-0.862572882535177,1.4571950010841201,4000.0,0.999752519963501
beta_trial__12,-1.0799080730707389,0.8340148432672154,0.009006556472125487,-2.585535295629077,0.6985953991061328,4000.0,1.0000173411024684
beta_trial__13,1.1065238004420572,0.7445082290643714,0.007445227186127705,-0.40445424156354637,2.5469884767286883,4000.0,0.9997500174728075
beta_trial__14,-1.4950996949575044,0.6778958673116903,0.00680032094985041,-2.864139676401889,-0.22358706005179463,4000.0,0.9999440617141581
beta_trial__15,0.8784127183701644,0.7612553235175635,0.00701945350355771,-0.5528443950537671,2.4132093832112975,4000.0,0.999755172395063
beta_trial__16,-2.2106492794092145,0.7073088961188135,0.007042799298434777,-3.577863846632998,-0.8324506849613029,4000.0,0.9998131222731307
beta_trial__17,1.0205910258112592,0.7309885204048957,0.008570559089227334,-0.3227880564989203,2.5963099196348853,4000.0,0.9998377431114753
beta_trial__18,-1.2291950770916786,0.7738123931177827,0.007325742105422113,-2.644080652443005,0.4051358400544709,4000.0,0.9997568285005659
beta_trial__19,-0.2671949926060474,0.8120664459215228,0.008359652126347504,-1.8836231750594927,1.3132540670292643,4000.0,0.9997517872902544
beta_trial__20,0.9251075275955885,0.7152162989024728,0.007323906118224833,-0.46350899417156705,2.3456556181824206,4000.0,0.9997700728092523
beta_trial__21,1.8837229384660974,0.7609066473670931,0.00723611523725007,0.45162964553518503,3.436025646824597,4000.0,0.9997785838537014
beta_trial__22,-2.8284423991641914,0.7018912617083933,0.0074339192927959565,-4.1078802033310655,-1.441642229290685,4000.0,1.0001320417051784
beta_trial__23,2.520124818536396,0.7996933492244502,0.009087644028502487,0.9844655068273678,4.099549471313698,4000.0,1.0000568610291982
beta_trial__24,-0.11500063920878337,0.7178411485425403,0.008319150204070005,-1.5315663070577077,1.252609802976161,4000.0,0.9997516386868499
beta_trial__25,0.5502927962373295,0.7999724956534813,0.007683393970382077,-1.042376623833537,2.05487633019044,4000.0,1.0000168904587539
beta_trial__26,-2.626397335973097,0.6575797110382989,0.0060134755676399644,-3.899442056652737,-1.3324071097924484,4000.0,0.9999869528294139
beta_trial__27,3.9659231676897653,0.6589600614560884,0.006172380847119558,2.6277293637726866,5.216989300386214,4000.0,0.9998301773988917
beta_trial__28,3.4009895299927453,0.603343738400956,0.005885224957505003,2.2296707480964706,4.583805835593127,4000.0,0.9997578807443522
beta_trial__29,2.125324267166961,0.3836295135884317,0.0041019762767794486,1.4053222916190822,2.8805030701367307,4000.0,0.9997578480228182
beta_trial__30,-0.6465692430811157,0.87690571713304,0.00786429620749806,-2.275309218457342,1.1704907817893002,4000.0,0.9999202582601563
beta_trial__31,-0.3849172873315493,0.8213451182392321,0.007970634505875644,-2.005437915692674,1.2006975964953868,4000.0,0.9998635157049699
beta_trial__32,2.6045426757447157,0.7690505448876801,0.007553909371107295,1.0228532946147018,4.006474598527175,4000.0,1.0002290645385667
beta_trial__33,-0.2734256551635094,0.735725373374468,0.007272908346130145,-1.7159201756879476,1.1244038373464464,4000.0,0.9998183313566551
beta_trial__34,0.8650543140011395,0.7267237430437484,0.00843833864309733,-0.5620294730448723,2.2642617585224247,4000.0,0.9997782105046069
beta_trial__35,-1.8517742434764812,0.640276854431528,0.006458110607347451,-3.1167357012750356,-0.6300762010984124,4000.0,0.9997511974300868
beta_trial__36,5.127185778390637,0.7970956931053929,0.008983236550094465,3.561049471022189,6.634575601529834,4000.0,0.9998411669040413
beta_trial__37,-0.3406137485559581,0.837354223949691,0.007756119979746267,-1.9559157480587992,1.3308821180068522,4000.0,0.999985841453544
beta_trial__38,-1.1741720927336619,0.7858287982510929,0.007414886637705608,-2.724487721131026,0.33904980005675855,4000.0,0.999756700699464
beta_trial__39,1.1810760575395813,0.7803167990385459,0.007869569095121005,-0.3188028660647274,2.690047144504721,4000.0,0.9997528790886131
beta_trial__40,0.2328080096446067,0.8212482108999093,0.008571438660650268,-1.4013347499296582,1.8123026249381229,4000.0,0.9997608143463591
beta_trial__41,2.2939384549934814,0.6631604266809306,0.006074496534031007,1.0660196801700605,3.6202411077297616,4000.0,0.99992311968677
beta_trial__42,-0.12293555070947769,0.7544120806778684,0.008655457100514102,-1.501597021032903,1.4474450032100907,4000.0,0.9998058633337507
beta_trial__43,1.589973571083474,0.71644613406645,0.007059659822041794,0.1424851112943022,2.9255280211879153,4000.0,0.9997642295402115
beta_trial__44,0.06497007331090518,0.8114121698601509,0.007861479348521735,-1.5997991312541424,1.5586686896378414,4000.0,0.9997572734389463
beta_trial__45,0.07683948958774321,0.636643780314319,0.0057754597603528485,-1.2210517239671739,1.246495843199744,4000.0,0.9997500153082617
beta_trial__46,-1.2489139855346865,0.7531751795212066,0.00711214500625521,-2.661516905219991,0.26592368959743656,4000.0,0.9997816557134248
beta_trial__47,-1.6476729114594943,0.7322523367067078,0.0069626493971894545,-3.079765394403502,-0.21797070046160377,4000.0,0.9999335213294983
beta_trial__48,1.3434543499730167,0.7920580540700165,0.0073878792738997735,-0.13818162884893445,2.956254222876214,4000.0,0.9997564468872487
beta_trial__49,1.1063215490146119,0.769970774941626,0.007804608182017524,-0.3943212767801471,2.6017442703918894,4000.0,0.9999413724381362
beta_trial__50,-0.2530332892752401,0.8040956327412724,0.008467987167927812,-1.8632707882861246,1.3308539368411825,4000.0,0.9997515413053444
beta_trial__51,-2.575441709848716,0.5992355387211015,0.00528973761951399,-3.7281622482497734,-1.354596087299576,4000.0,0.9997890074926593
beta_trial__52,-0.22609082873048028,0.7378994969513003,0.007088117604344082,-1.6466581088731223,1.1898042807386169,4000.0,0.9997564268162662
beta_trial__53,1.0637395305719208,0.7478768556240135,0.006677032194122733,-0.3828965669656315,2.505473377078884,4000.0,0.9997619344968709
beta_trial__54,-0.657100600949391,0.693830215708552,0.007526791777892336,-2.0478307714062005,0.6663430768068022,4000.0,0.9998408562498347
beta_trial__55,0.7017591701453147,0.785260239102321,0.007046746371655609,-0.8698777145611473,2.1600141201973635,4000.0,1.0003292044620864
beta_trial__56,-0.7994293835868118,0.7325360640330487,0.007015467284061304,-2.1493072487672,0.632067193522533,4000.0,0.9997684067053815
beta_trial__57,0.5880254820632803,0.656167094084249,0.0070541263534350945,-0.7103192160024216,1.8807795740247155,4000.0,0.9997738809443242
beta_trial__58,-0.24810056406885644,0.6432802782306314,0.006417472184794405,-1.5003628515803715,1.0371782017984337,4000.0,0.9997524991777749
beta_trial__59,0.7392422085917081,0.7420451718532511,0.007494376103439204,-0.7953867597239046,2.0978192474345496,4000.0,0.9997617704873867
beta_trial__60,0.7684256797242993,0.7680962384573269,0.009041421257282587,-0.7429571106640425,2.261905228285509,4000.0,0.9999874271928102
beta_trial__61,1.1449751708973408,0.8035174917093871,0.00802492904972817,-0.44817829064421216,2.7179144345043538,4000.0,0.9998123574739853
beta_trial__62,-1.0151243918139783,0.7279786507604059,0.007375543329308736,-2.4633642146432218,0.3558368835909666,4000.0,0.9997642630304595
beta_trial__63,-1.602880415236962,0.6888968275927165,0.0069632855063717775,-2.9500221858667843,-0.30288735793547544,4000.0,0.9997900513538052
beta_trial__64,-1.2114356969843167,0.6879685361563825,0.007708296902237281,-2.5616272345448636,0.12702038303141203,4000.0,0.9997499695093572
beta_trial__65,2.754170804776357,0.792988674008302,0.008802498761318774,1.1562872100621155,4.2705408137673935,4000.0,0.999859500540492
beta_trial__66,0.2529557188520205,0.7205943690230283,0.00781273341165288,-1.1230008983352078,1.659757649850324,4000.0,1.0001635389956203
beta_trial__67,1.4070416590270092,0.737433389671661,0.007623422837875591,-0.0021115117609808026,2.8892740833796164,4000.0,0.9998002978199351
beta_trial__68,2.6216876135293314,0.5095282921706913,0.004998883091487015,1.5758300310693476,3.5794464289637533,4000.0,0.9998490093388421
beta_trial__69,-1.6222096335310987,0.7754357557555408,0.009075155759870347,-3.123044250253272,-0.07735556807493743,4000.0,1.0002305945523369
beta_trial__70,-1.714390877771836,0.7083386509895151,0.007208556222999589,-3.0128744752339958,-0.2609444299538993,4000.0,0.9997504475012542
beta_trial__71,0.18226446984795622,0.7288293000297161,0.00791719609176966,-1.1891102364326187,1.600126560268847,4000.0,0.9998950213056204
beta_trial__72,2.448144073241622,0.729742335047261,0.007078483527722475,1.0362934948244167,3.827091197092688,4000.0,0.999752930825367
beta_trial__73,-0.6867059268250798,0.73236749503103,0.0071876568021608635,-2.0984436089587097,0.7258395749669343,4000.0,0.9997505178071666
beta_trial__74,5.567288870767557,0.5238611331147682,0.005104921390344967,4.53718684399167,6.557608729519263,4000.0,0.9997798263059113
beta_trial__75,0.17358684857149434,0.7844524424255241,0.007651123785652518,-1.2681927173140404,1.7278099850208843,4000.0,0.9997529059550325
beta_trial__76,-1.8328441305466212,0.6414774107049832,0.006945327985703813,-3.1583159216477092,-0.6160987106965023,4000.0,0.999867145598701
beta_trial__77,0.6442885926568227,0.7463667129710667,0.007678857765820668,-0.7662814972205505,2.192412476634113,4000.0,0.9998122971532536
beta_trial__78,1.7611553875092125,0.8070358385722504,0.007913598138916315,0.13050849788322846,3.2976617416731386,4000.0,0.9997903762439769
beta_trial__79,1.429633896253497,0.6831178283501642,0.007101575633662929,0.07833891943015495,2.718818094725173,4000.0,1.0000368727320428
beta_trial__80,0.45140133176461755,0.7716394490625973,0.008711344194465497,-1.070349491681735,1.8845888938327,4000.0,0.9998302773916776
beta_trial__81,-0.9723113348435478,0.5458753013108226,0.005481943709881235,-2.0706017095430065,0.09009618866227946,4000.0,0.9997504567350958
beta_trial__82,3.450479023449911,0.8105655773343868,0.008205489388222603,1.9129302831662052,5.054007384096749,4000.0,0.9997502304178866
beta_trial__83,-0.5488617664574207,0.6437741228246044,0.005457743522379219,-1.7833966699152302,0.7237846885202156,4000.0,0.9998000058831629
beta_trial__84,0.08644865355590352,0.767156727547012,0.007348465663559856,-1.417079227016884,1.5869066957219555,4000.0,0.9998809398156991
beta_trial__85,2.4556116652370306,0.6750725113565434,0.007661266666737524,1.121888504217702,3.773703916370866,4000.0,0.9998068419831645
beta_trial__86,4.929090744698818,0.675718399325098,0.007629870372906987,3.620769542802415,6.1998201789236616,4000.0,0.9999292234929362
beta_trial__87,4.234412694320433,0.49672594532230196,0.005202085544952455,3.2585623545335003,5.199897852866349,4000.0,0.9998322429698613
beta_trial__88,5.332524678220562,0.6669043689240688,0.006963665559689883,4.033237545003076,6.635623844833002,4000.0,0.9997525986408865
beta_trial__89,3.5520479937174834,0.612322664793495,0.005452706132775912,2.2305005531923072,4.678944578794692,4000.0,0.9998949798074043
beta_trial__90,5.534504323960219,0.6332076561377957,0.007199143736218452,4.290912984806507,6.788291036001574,4000.0,0.9997766569320811
beta_trial__91,4.124831970767682,0.647313318978358,0.006489565729982387,2.831543830875054,5.320572593089926,4000.0,0.999755041270575
beta_trial__92,3.9385928510254375,0.5511764351153099,0.005938445104834146,2.8362502447699103,4.976243310516947,4000.0,0.9997714837050448
beta_trial__93,4.1674899707571935,0.5255543808085658,0.004841255615665694,3.0744469995380532,5.13561207324173,4000.0,0.9998664725980689
beta_trial__94,4.509544518340426,0.5652054008917993,0.005470060517480039,3.4606301957180747,5.656888639071932,4000.0,0.9997919372067253
beta_trial__95,4.749871202164827,0.5305502518039842,0.005267344062265926,3.694118328324531,5.727377796197385,4000.0,0.9998253521651168
beta_trial__96,1.0892221513861127,0.7201183807219808,0.006390507198057937,-0.2863766151224886,2.519691851549819,4000.0,0.9999311587376332
beta_trial__97,4.917579249080792,0.5670688766008193,0.0054312202720215195,3.7739913037177963,5.983301867381468,4000.0,0.9997814930606634
beta_trial__98,4.3890593885761575,0.7440392845353205,0.006612091667352012,3.0304219844127935,5.92086719566792,4000.0,0.99978179342913
beta_trial__99,-2.51752398896372,0.7354829078236577,0.008010833912426973,-4.024776465455543,-1.1280689508269504,4000.0,0.9997538821618426
beta_trial__100,3.942350246374454,0.5832202796507476,0.0053340577118808205,2.84462000846439,5.130559312297939,4000.0,1.0003632959141358
beta_trial__101,-0.25717656648492043,0.7639743454982464,0.007564238420029179,-1.7995126718985794,1.212237091558517,4000.0,0.999759621538994
beta_trial__102,-0.7920480215299993,0.8165966304608316,0.007733152916470962,-2.327281314508958,0.846074448733614,4000.0,0.9998129143954767
beta_trial__103,1.3045616392177186,0.6523408057212358,0.006103310825836166,0.03485549183057324,2.5561139700965514,4000.0,0.9997940431245368
beta_trial__104,2.3058346480106837,0.7487991379201531,0.007389872104051095,0.8229644161352478,3.808764507560184,4000.0,0.9997508293296614
beta_trial__105,4.519429367435222,0.7509682976193977,0.007299375395936969,3.0011030697194956,5.910634173859756,4000.0,0.9998476099791577
beta_trial__106,5.156897460682099,0.805311662775106,0.007881134531797855,3.63578694393778,6.766370916947245,4000.0,0.999774541482078
beta_trial__107,1.3332488175707708,0.8240189235207668,0.008634255732442385,-0.22111375115873855,3.0157126167937642,4000.0,0.9997855981538105
beta_trial__108,2.6245055176586236,0.5271975412895022,0.005458947429309137,1.6384316400080619,3.688939197763724,4000.0,0.9998028805797778
beta_trial__109,5.801929400694395,0.6079492850467535,0.00559347715221732,4.590678152459716,6.939043104016014,4000.0,0.9997523498031461
beta_trial__110,-0.2234543019238779,0.7063775160439967,0.006255050839094933,-1.5663035676800723,1.2042344401386282,4000.0,0.9998765711918661
beta_trial__111,0.36935507453606703,0.6716208614878767,0.007108938293143871,-0.8906505080901612,1.6715532427570077,4000.0,0.9997910029495168
beta_trial__112,0.5659981453879193,0.8207449633608344,0.008311143104127162,-1.0799354921680735,2.143798503812292,4000.0,0.9997618677812361
beta_trial__113,2.8663397676824203,0.6559928668504518,0.008578746035029295,1.5493026739909368,4.092648617907731,4000.0,1.0000048219943243
beta_trial__114,0.7200038731029891,0.7992621325365572,0.007477834703807839,-0.7929258353772766,2.2959405937471944,4000.0,1.0000109188410375
beta_trial__115,3.15158062944493,0.6634211912494262,0.005977143805560669,1.8633385256378163,4.47866717661589,4000.0,0.9997549987879996
beta_trial__116,-0.17750080217860484,0.6933189317276307,0.006499192085240137,-1.486781368313099,1.1514913021747963,4000.0,0.9997845764119856
beta_trial__117,4.090130422897809,0.7450556784290436,0.007890454325698706,2.6533012244665146,5.54169568022315,4000.0,1.0000533346180809
beta_trial__118,-0.5810587002173379,0.6403778100395676,0.005620690607560343,-1.7302663258195439,0.7589558446877527,4000.0,1.0000782504940544
beta_trial__119,5.15745248143549,0.6806894026455493,0.006007162740621848,3.9329660024689996,6.565762680220646,4000.0,0.9998355647449835
beta_trial__120,2.5705800680014526,0.8279191302964733,0.007966075645134177,1.063975126663572,4.359168633672832,4000.0,0.9998981151731662
beta_trial__121,0.5110323671937143,0.7409053865617304,0.007318539672863268,-0.8970557832733678,1.9993105486031248,4000.0,0.9998411542461964
beta_trial__122,1.8434547519657114,0.5341451247716712,0.004918555521661327,0.8112075811369714,2.8744365140033254,4000.0,0.9997697538778606
beta_trial__123,0.8848054463709707,0.7189704691098135,0.007493422473952759,-0.5456968538313516,2.2315960831743102,4000.0,0.999760513337524
beta_trial__124,-0.0706018394344438,0.7082988514692704,0.007149018782380558,-1.4373202109614451,1.299262205724219,4000.0,0.9997511183968224
beta_trial__125,0.30776430558690254,0.7190888167901377,0.006781575764424595,-1.049375505456554,1.7416670015358835,4000.0,0.999865905926962
beta_trial__126,6.624597015517331,0.6034363844919903,0.006155011891913335,5.419547059734297,7.80165667705246,4000.0,0.9997505366796915
beta_trial__127,0.1494497752348311,0.7603283477447407,0.0080716970145645,-1.3856738557756014,1.6298418934271364,4000.0,0.9997700516743226
beta_trial__128,3.3037565743145536,0.7976655421361575,0.007367145266621219,1.7115190849849582,4.791889630287918,4000.0,0.9998931290181435
beta_trial__129,1.2212916631976751,0.7352010202388252,0.0076982986099210825,-0.15355377683983934,2.6670240978458337,4000.0,1.0000178896452385
beta_trial__130,0.7411686599781822,0.5746613328181059,0.005678857846188205,-0.47693285069124025,1.8438487788895288,4000.0,0.999758619056962
beta_trial__131,-0.2325248261252015,0.7928368739484872,0.007858245591960635,-1.8154720877583523,1.2714473078108548,4000.0,0.9999502170329525
beta_trial__132,0.9207180551258658,0.6817173898083266,0.006958009432720964,-0.3374373935220223,2.293414675145508,4000.0,0.9997664428369929
beta_trial__133,1.2507727873596866,0.6988035303847261,0.007085058469804756,-0.15723558120469053,2.602997990164729,4000.0,0.9997860200614778
beta_trial__134,0.8822534234672537,0.6965000555748644,0.006671901662817536,-0.44315671678477775,2.2585052141284265,4000.0,0.9998030320907193
beta_trial__135,1.425598294536584,0.593124373124484,0.0058382506844432145,0.2611754917203951,2.541156614716712,4000.0,0.9997548839400929
beta_trial__136,7.173009618159924,0.756592089412156,0.007884269794188214,5.760488381179703,8.758228480242737,4000.0,0.9997525227454122
beta_trial__137,5.02617341515062,0.6613066963711931,0.006481729606487524,3.7447528571886126,6.272430827510123,4000.0,0.9999625377300048
beta_trial__138,5.832098247778162,0.6046424529969754,0.005958434656105472,4.637393230756626,7.043597534083635,4000.0,0.9997525771298887
beta_trial__139,5.9254285217256975,0.7656825491385068,0.007985495657707509,4.384705597469327,7.375487188630109,4000.0,0.9997551634483762
beta_trial__140,4.766880458763484,0.6002915823046061,0.0061000466521664454,3.55598737243368,5.910447101673549,4000.0,0.9998575387172594
beta_trial__141,0.6937119183447606,0.6940513447165603,0.007925959447203684,-0.6894399365947738,2.002595384294049,4000.0,0.9997654991269482
beta_trial__142,5.61021898524939,0.6065425701358605,0.005786803439639376,4.385029696666122,6.769801181200344,4000.0,0.999792888250407
beta_trial__143,5.107439885104375,0.6389120892923114,0.006591363119191776,3.8383500020495473,6.361340440525346,4000.0,0.9997796941607459
beta_trial__144,-1.2564710906518028,0.7231567771263171,0.006592999156057998,-2.6921893404863293,0.15552914681065036,4000.0,0.9998150111212136
beta_trial__145,5.474937589149026,0.6187481731157427,0.006508678489510096,4.276004804473435,6.705949859562957,4000.0,0.9999141940853689
beta_trial__146,6.243753187822515,0.6396830088991488,0.006461515895420271,5.033220564218668,7.563876422849103,4000.0,0.999764900018857
beta_trial__147,2.8659879449225545,0.5379904549582624,0.005003645096658157,1.753389224520435,3.829128714730109,4000.0,0.9997508656275783
beta_trial__148,3.170809875003658,0.7726250844757409,0.008558948801482611,1.6354213848272703,4.692883656861066,4000.0,0.9999880017602883
beta_trial__149,1.592045488418978,0.6727971455144603,0.006803026367986799,0.3296568739057208,2.98083849055271,4000.0,0.9997536904464162
beta_trial__150,3.8037096611533845,0.5669313552107037,0.005345037980270945,2.742388964835214,4.949087857938284,4000.0,0.9997501470612569
beta_trial__151,-1.2535780121283524,0.5887849450409874,0.005017371551496377,-2.378828384556962,-0.06813990562830706,4000.0,0.9997686748764959
beta_trial__152,-2.33808702125797,0.7316855924713959,0.008096304100987627,-3.742820674220895,-0.9099657527154676,4000.0,0.9999095858947359
beta_trial__153,5.8102776722154745,0.7250601704833606,0.007557348161123197,4.258679389976659,7.1080304144753494,4000.0,0.9997811561803717
beta_trial__154,4.976289338836257,0.5893228384761715,0.00641839378538137,3.798659225474056,6.110981798096183,4000.0,0.9997523698243884
beta_trial__155,0.3743022767708731,0.7166190135425219,0.008350147780461638,-1.0691978876827657,1.7323953749456493,4000.0,0.9999434590741039
beta_trial__156,2.584137532615177,0.6530618741901321,0.006238145647934521,1.3157720747874984,3.871826870266634,4000.0,0.9997499973138607
beta_trial__157,0.8139904267076946,0.7370816353995043,0.006570852260254135,-0.6694652796361246,2.22910965250767,4000.0,0.9998407264903982
beta_trial__158,5.920723239297839,0.7017411530181962,0.0073153042282287795,4.560140292807052,7.3245143365193295,4000.0,1.0002419927317505
beta_trial__159,5.065556341162474,0.762169844589747,0.00842969608499095,3.641483258543317,6.5938195146835135,4000.0,0.9997569699792931
sigma_beta_0,5.826390378400982,0.3394507182485989,0.004083088766949188,5.187304826991823,6.503191645180868,4000.0,0.9997786179292673
sigma_beta_round,2.9632066829870065,0.18876252463859627,0.0025039845639098085,2.6155949193693933,3.3606019416249104,4000.0,0.999755955165157
sigma_beta_trial,2.500042405273576,0.15637949649827593,0.0020147826532505206,2.18815575825987,2.7914679186612568,4000.0,0.9997575744127901
noise_group,10.56358366168816,0.8396140719987466,0.008525957359584349,8.944400452239899,12.229439333686669,4000.0,0.9997729625687589
subj_stdev__0,11.553423918235847,0.5679395154477656,0.006529334755900569,10.433099640519805,12.676894380055746,4000.0,0.9997526336136906
subj_stdev__1,11.168116265420895,0.5658495807354682,0.005029850020153529,10.030067037903882,12.232761073831663,4000.0,0.9997502357920903
subj_stdev__2,11.174650521328852,0.54282833361084,0.0055225756953689795,10.08823099706223,12.219054157932499,4000.0,0.9997932899250982
subj_stdev__3,12.968386362994963,0.653970126642995,0.006603342160656188,11.795546694065079,14.323364939723001,4000.0,1.0001440178310128
subj_stdev__4,11.53642345330969,0.5707676195636582,0.0060789334698567715,10.480361026282713,12.715326487002361,4000.0,0.9998664841419339
subj_stdev__5,13.820875957115703,0.6828560706661997,0.006480900681429482,12.552536331949282,15.158999860611829,4000.0,0.999781676823913
subj_stdev__6,8.911545398299186,0.43164561131356033,0.004543356618723087,8.104467517972095,9.757172339497995,4000.0,1.0001265870229927
subj_stdev__7,11.671686234749803,0.5639249084959466,0.005170810346403638,10.602385442326963,12.796563898450778,4000.0,0.9997500370475524
subj_stdev__8,10.947111326254424,0.52593795046092,0.006108711655358773,9.928596795464362,11.960376927610074,4000.0,0.9997503103185401
subj_stdev__9,11.460094786922587,0.5626423148154374,0.005656220410764862,10.418910530063911,12.609762762993018,4000.0,0.9997838345339924
subj_stdev__10,11.028187502944423,0.5523921862874015,0.005751137328643673,10.022881009761145,12.140199355764189,4000.0,0.9997653938319481
subj_stdev__11,8.820878825352745,0.4424732881255546,0.004478173300839195,8.0310432371356,9.701573619924073,4000.0,0.9997864677328908
subj_stdev__12,12.756544036999811,0.6325584137369654,0.007233574419398229,11.504161989798307,13.972756812744844,4000.0,1.00031530177584
subj_stdev__13,11.351643741217634,0.5566742591819799,0.005893181064649431,10.334437756326944,12.504911770598772,4000.0,1.000520220047384
subj_stdev__14,10.356362583769558,0.525929525681245,0.004728763882147425,9.35093489287496,11.3721384764082,4000.0,1.000078441317999
subj_stdev__15,11.38912394111976,0.5518157385987137,0.005978308969055969,10.437462274620318,12.557523598702861,4000.0,0.999836884692462
subj_stdev__16,10.3708875543245,0.5246744251777528,0.0062533128718284346,9.38971850654466,11.371884432093367,4000.0,0.9999291671022155
subj_stdev__17,10.824453939617912,0.5212734227210111,0.00532565952215302,9.851057734952189,11.870222449664427,4000.0,1.0000055804034376
subj_stdev__18,11.501604762566702,0.567289150105646,0.005849931508085087,10.441892414298886,12.64696080079769,4000.0,0.9998428584133002
subj_stdev__19,12.415758101047276,0.5929863092382472,0.006248619139142127,11.271989870319757,13.560181075057857,4000.0,0.9997684738015045
subj_stdev__20,10.61505164975871,0.5307000957680654,0.004362906005255749,9.471988606162364,11.58940258324856,4000.0,0.9998840440163822
subj_stdev__21,11.662757382160542,0.576268800176533,0.0062539749288366,10.496506879248756,12.803372793684254,4000.0,0.9997728180133768
subj_stdev__22,10.535345414459883,0.5136923015260955,0.005172583179331605,9.505723633879455,11.51980547067509,4000.0,1.0001079489319784
subj_stdev__23,12.42278158177047,0.6369507577190511,0.006197070938999477,11.2014803501963,13.676469692416864,4000.0,0.9997678963624541
subj_stdev__24,10.546154082827368,0.5096250217363586,0.004758007459109325,9.507132921826543,11.508056173354253,4000.0,0.9997794316649575
subj_stdev__25,12.032112769499522,0.6139153341319166,0.006797411762538776,10.95702089175157,13.332647640127163,4000.0,0.9997747294729155
subj_stdev__26,9.698243953016014,0.48166196218249824,0.00552059919527073,8.768752954591992,10.617312202141875,4000.0,0.9997504222932903
subj_stdev__27,9.493906673160202,0.45839575557483,0.00482525675775635,8.625132047713036,10.412999720621487,4000.0,0.9997926398702598
subj_stdev__28,9.00776770611181,0.46307473722275994,0.003701380489791405,8.123986673281358,9.939668574946227,4000.0,0.9997725646866892
subj_stdev__29,5.616255549032065,0.28449472526449404,0.0033029995450187415,5.055784912282059,6.171231214510454,4000.0,0.9997668545811316
subj_stdev__30,13.923980123324405,0.6910251787358335,0.007027199388789573,12.549437526107594,15.228372471890006,4000.0,0.9998358128032655
subj_stdev__31,12.144967581428396,0.6086092119097387,0.005291396203309065,11.000187075985096,13.363699794242708,4000.0,0.9997500444687638
subj_stdev__32,11.900126707052605,0.5663490739896127,0.0059979447188601275,10.8347444766095,13.029855222601272,4000.0,0.9997539685451227
subj_stdev__33,10.856852537192339,0.530343605803807,0.005806083904756422,9.842828768956949,11.917851046757184,4000.0,0.9997631022119684
subj_stdev__34,10.657006167034144,0.51476971692647,0.005570955061314187,9.688823495473708,11.698380530968208,4000.0,0.9999085383707943
subj_stdev__35,9.460484957281041,0.477577389338832,0.0056767342511245735,8.570616151266604,10.407260001605303,4000.0,0.9999371881113727
subj_stdev__36,12.374182726798633,0.5921255645063224,0.005368456505846321,11.273327991530438,13.588210196653462,4000.0,0.9997808653913967
subj_stdev__37,12.695423820097389,0.640492386410449,0.006881212298350439,11.507840238979497,14.034722958349487,4000.0,0.9997558099130373
subj_stdev__38,12.024796906354307,0.5829016185244088,0.005539312160832486,10.910935902769172,13.201776988495702,4000.0,0.9997504615324846
subj_stdev__39,11.86529446984906,0.5701939609975147,0.0059507094524368365,10.756245334705362,13.022338247110936,4000.0,0.9997659729744961
subj_stdev__40,12.76160776959286,0.6420765089352725,0.006965368407858034,11.515470964891515,14.002978287790505,4000.0,0.999792949481882
subj_stdev__41,9.761314534412637,0.4808066427361168,0.004541840174517302,8.873607497753966,10.734342989314786,4000.0,0.9997795409348993
subj_stdev__42,11.398093448686883,0.54724104197521,0.0052799278325412246,10.343794423660453,12.463660561499827,4000.0,0.9998600553652178
subj_stdev__43,10.513995769156644,0.5209020278112826,0.0054387944771469975,9.477812403959733,11.490085599894696,4000.0,0.9997823818277393
subj_stdev__44,11.83976678864884,0.5992702982109748,0.006300745953905361,10.660835997879964,12.97019924076552,4000.0,1.000154788686916
subj_stdev__45,9.597019226499134,0.46142627050272317,0.004524731444533756,8.71699803715655,10.515760452038853,4000.0,0.9997566392743611
subj_stdev__46,11.295840148992305,0.5616662230705481,0.00569484819250868,10.253640050507084,12.372883822125072,4000.0,1.000684641818379
subj_stdev__47,11.149156394225681,0.5532765000330174,0.005525141710601795,10.170961071094387,12.254989561247557,4000.0,0.9998211875488398
subj_stdev__48,12.18223325943218,0.6099675014724906,0.006542303023698172,11.060496373710958,13.39695652130734,4000.0,0.9998119324368928
subj_stdev__49,11.936334205549775,0.6076276309056927,0.00628676537593368,10.732668866340806,13.097884128994124,4000.0,0.999762857080919
subj_stdev__50,12.571905642443275,0.6273158408555719,0.0074317333044661375,11.33730700744952,13.784433381851732,4000.0,0.9998633523200474
subj_stdev__51,8.949656109517209,0.44711209619031733,0.004220800839551982,8.150573467583227,9.851113015049776,4000.0,0.9998463271313283
subj_stdev__52,11.152289504833186,0.5466685849256566,0.005308052241614382,10.133525853267024,12.24084581056679,4000.0,1.000064576694105
subj_stdev__53,11.088035552886168,0.5477605343290338,0.005692550617334176,10.085502413957256,12.205629827890894,4000.0,0.9997772274799654
subj_stdev__54,10.377963051118563,0.5299491903042265,0.005234048202285989,9.404451012009295,11.468968968459812,4000.0,0.9997507110575281
subj_stdev__55,11.585084691610362,0.5751604976847082,0.006156932224943205,10.499391639237446,12.71272867793208,4000.0,0.9998956478549891
subj_stdev__56,11.028814195291492,0.5397363976914633,0.005970739234085616,9.937161399930318,12.015304150479698,4000.0,0.999798946724595
subj_stdev__57,9.868687430492864,0.49767561570043334,0.004382979969936416,8.960271882632874,10.897653155799773,4000.0,0.9998601027530101
subj_stdev__58,9.709762834468862,0.46377755784297947,0.0039671494714972385,8.804440792480436,10.598642409740393,4000.0,0.9998949686775085
subj_stdev__59,10.90089626893224,0.5265528531861314,0.00491007158970848,9.965222548870216,12.000177533098515,4000.0,0.9997574407054356
subj_stdev__60,11.56049625038251,0.5566288966505942,0.005626339304770807,10.51335023582092,12.667246102561462,4000.0,1.000045404755721
subj_stdev__61,12.100820791688689,0.5865347408382576,0.006672939081673315,10.996912672885435,13.278366872861199,4000.0,0.9997613736173813
subj_stdev__62,11.05672041003943,0.5505244414351121,0.005555829258964503,10.008715076331164,12.154113464042343,4000.0,0.9998385013587721
subj_stdev__63,10.31001593904336,0.5145117392511709,0.005413818349726714,9.37111015652082,11.355070453927251,4000.0,0.9997887171114684
subj_stdev__64,10.612716279828797,0.513030377568567,0.005854466467407383,9.606159322412788,11.609063406965111,4000.0,0.9997544408621362
subj_stdev__65,12.099343062605325,0.6117469526213082,0.005529977744415835,10.92030807348954,13.244923239425892,4000.0,0.9997968665964595
subj_stdev__66,10.556580170417181,0.5252385515058862,0.005853021656259542,9.5505996950193,11.59830643450346,4000.0,0.9998804966611406
subj_stdev__67,11.069735238972697,0.5511766752690241,0.006075575063906145,10.042380372141674,12.140670895152253,4000.0,0.9997505584429356
subj_stdev__68,7.324635691165929,0.3628453248283703,0.003617166629970783,6.5955218025076965,8.017037272256113,4000.0,0.9998990422956694
subj_stdev__69,11.607819127068108,0.5867101307678936,0.005778009803319156,10.450850021242731,12.734339614830922,4000.0,0.9997995877503305
subj_stdev__70,10.993774735285749,0.5496992382811375,0.0063507456912072395,9.866346017015815,12.02354361179449,4000.0,1.0006341447103007
subj_stdev__71,10.74772273721739,0.5466466029117998,0.005396583971175391,9.705634696037034,11.864764025911638,4000.0,0.9997508311739355
subj_stdev__72,11.18388981792881,0.5457525167348175,0.005811578425592783,10.17966315379218,12.281510504667947,4000.0,0.9997622482472344
subj_stdev__73,11.128957026254922,0.5437397618748452,0.004676462577782313,10.034111612735574,12.178584473436839,4000.0,0.999786332166164
subj_stdev__74,7.725823422580602,0.38560776323209656,0.003478450601831,7.019333903985334,8.49260047436388,4000.0,0.9998013916673715
subj_stdev__75,11.750890393255938,0.5731801354897341,0.00649140004299085,10.66587532704225,12.884432146521695,4000.0,0.9999012007884576
subj_stdev__76,9.528064470728028,0.4821101642353662,0.004974120609885577,8.672534938649294,10.525142850342576,4000.0,0.9999561389045061
subj_stdev__77,10.816433345211125,0.5487848706372053,0.00556275067933487,9.744790439541337,11.879589388128073,4000.0,0.9997645937697763
subj_stdev__78,11.721174405954145,0.5984904583900684,0.005787874093029312,10.602586758342778,12.937817924499328,4000.0,0.9997981738263303
subj_stdev__79,10.440809016712759,0.5126764481825021,0.0051617573412944305,9.513507033500309,11.477674884848273,4000.0,0.999793204190078
subj_stdev__80,11.942981961495022,0.5848998775333668,0.005771930428382151,10.866759054846789,13.084956877166066,4000.0,0.99974999217144
subj_stdev__81,8.195061178105412,0.38391557942401516,0.0039626015800421684,7.4628784731280335,8.957140845230787,4000.0,0.9999651046739686
subj_stdev__82,12.409972377292712,0.632757309723886,0.006442008659676937,11.227949950531082,13.708380601149292,4000.0,0.9997505259602352
subj_stdev__83,9.203493274746235,0.44365115392601573,0.004088905681485131,8.34464880149282,10.03946132339243,4000.0,0.9997917338599013
subj_stdev__84,11.64355360948645,0.5715120314446632,0.006468171962368848,10.562916239465533,12.752430198470716,4000.0,1.000032509570176
subj_stdev__85,10.072576071724873,0.5154178699060532,0.005462508369352292,9.087760530042196,11.086670831470672,4000.0,1.000194464515482
subj_stdev__86,9.926639973035977,0.49696442923960854,0.005505155629992023,8.979783572857956,10.90442834916136,4000.0,0.9998985709597851
subj_stdev__87,7.561799064732976,0.38707279531462213,0.004063757007517324,6.859282825527937,8.351589188542729,4000.0,0.9997762208549247
subj_stdev__88,9.794081723683343,0.4822960906465304,0.005291710914045477,8.865397636574546,10.746886750787105,4000.0,0.9997609241272598
subj_stdev__89,8.896282403820981,0.443454059321059,0.004109394246517559,8.035902206420092,9.737162667663219,4000.0,0.9998940961502919
subj_stdev__90,9.288457879346028,0.4782462758490038,0.004858347075746026,8.375026646158759,10.220531832270941,4000.0,0.9998023274817851
subj_stdev__91,9.722622983595784,0.4810653024309926,0.004649691979784512,8.80120501542959,10.70445116709521,4000.0,0.9998080818941402
subj_stdev__92,7.985605879189194,0.3984866118303548,0.003796149793663912,7.212925500620436,8.72362879610141,4000.0,0.9998836454813941
subj_stdev__93,7.455524086994278,0.3644011310919562,0.0039868286063013516,6.77117091871112,8.221030092102527,4000.0,0.9997513110286772
subj_stdev__94,8.389292578416338,0.4084906056074896,0.004178894840215375,7.620792576854581,9.200773316653878,4000.0,0.9998264553996368
subj_stdev__95,7.751635306829321,0.3912570610332961,0.004188433693796781,7.054415835375225,8.569403629627976,4000.0,0.9998641389315985
subj_stdev__96,10.887231208060097,0.5292642911508956,0.005185123184164491,9.8309550961494,11.892119714202478,4000.0,0.9997750554721184
subj_stdev__97,8.204327826896234,0.40972928102007805,0.005133525445873697,7.450540257480312,9.028000724961375,4000.0,1.0000376397106738
subj_stdev__98,11.022314323579355,0.5512267743189561,0.006013500220086265,9.962703847906976,12.13185228223679,4000.0,1.000112865568343
subj_stdev__99,11.128960748185614,0.5372279056314376,0.005695305197859115,10.047929840505809,12.16859974928248,4000.0,0.9997995645984661
subj_stdev__100,8.572344883174985,0.42800384213281484,0.004488893982032537,7.743569677563013,9.399602694592975,4000.0,0.9997782009618583
subj_stdev__101,11.94876633002808,0.5857500092979202,0.005685941114685187,10.84195385309424,13.12003079404368,4000.0,0.999762390628062
subj_stdev__102,12.114161072137637,0.6153049939779511,0.006604007881756762,10.90333185537965,13.364627537436798,4000.0,0.9999160404371263
subj_stdev__103,9.613566822904577,0.47496991483711565,0.005132923062937926,8.731375578596541,10.59865700643389,4000.0,0.9997644613165679
subj_stdev__104,11.352540390321652,0.562313161258994,0.005568090376721942,10.334618429386913,12.56502153101197,4000.0,0.9997535481798996
subj_stdev__105,11.603850799482686,0.5587816015211261,0.005597039446755952,10.550387601500821,12.709894612150006,4000.0,0.9998255721448911
subj_stdev__106,11.736048099902364,0.5851756614276252,0.00617132344979311,10.589978920462089,12.872608253247934,4000.0,0.9998179510141536
subj_stdev__107,12.698850882297194,0.6449574106936529,0.006970366903045279,11.476210871380324,13.94458100621674,4000.0,0.9997657209605446
subj_stdev__108,7.731052764241631,0.37261760207513034,0.004291917324260995,6.997942462542742,8.4584212182936,4000.0,0.9997820426254053
subj_stdev__109,8.881986301542552,0.44679357111892765,0.00509360290179542,8.001788714105585,9.723079982105004,4000.0,0.9999394992223374
subj_stdev__110,10.204015736574883,0.5076681514691673,0.005130331683220199,9.23981464191231,11.204965296123527,4000.0,0.9997823620593775
subj_stdev__111,10.056365146035889,0.5012992780327312,0.005436820983387612,9.055715029403556,11.049201079347124,4000.0,0.9998290560837028
subj_stdev__112,12.085298378515438,0.5909926733131713,0.005519146868644833,10.977287794066065,13.238427318461698,4000.0,1.0002454091818962
subj_stdev__113,9.968316261323023,0.48288696804713765,0.005106604429500111,9.070281142843143,10.929731127519322,4000.0,0.9999682694643169
subj_stdev__114,11.96696704080892,0.5942664206639519,0.006316537475892299,10.8011822240836,13.126832658864238,4000.0,1.0000298659262177
subj_stdev__115,9.616614290945362,0.4825483583310398,0.004351648744425503,8.692055862016547,10.565147519964675,4000.0,0.9997500099105567
subj_stdev__116,10.517610589348077,0.5211978498426808,0.005301827480249225,9.458262169954459,11.520022025037749,4000.0,0.9997524588652053
subj_stdev__117,11.498156997204669,0.5674985806738183,0.006275621445991255,10.42481858632997,12.638106741931404,4000.0,0.9997830921858769
subj_stdev__118,9.340919961424504,0.47660837626640346,0.004433245012751665,8.462682867135825,10.33796440979603,4000.0,0.9997752194276652
subj_stdev__119,10.071825824600568,0.5071399640299764,0.005047205723645114,9.056523662635945,11.044526479227939,4000.0,0.9999182402825719
subj_stdev__120,12.268242459934559,0.6071887206851245,0.006537574065041385,11.10328753679903,13.457640136696133,4000.0,0.9997618861359306
subj_stdev__121,11.648390130704826,0.5904876886324568,0.005996662795448738,10.536519185879666,12.790324111116727,4000.0,0.9998632621919389
subj_stdev__122,7.893824767370338,0.37746593083100227,0.004215590376184692,7.127957657743728,8.592728966197564,4000.0,0.9997554538335376
subj_stdev__123,10.578922271158248,0.5299878588642433,0.005620170642128458,9.584562467376815,11.630598330714975,4000.0,0.999751215078342
subj_stdev__124,10.516405150781022,0.5192758496742045,0.005569446452141757,9.526925300548154,11.514946738804834,4000.0,0.9999756427058871
subj_stdev__125,11.0116004940714,0.5397952387105154,0.005281375071316036,9.99189574377463,12.102808665278014,4000.0,0.999801360911882
subj_stdev__126,8.788190447159941,0.4398801018448129,0.0045922902142887375,7.9277817162982895,9.650528271213304,4000.0,0.9998057658934842
subj_stdev__127,11.674739179942023,0.5672561221031202,0.005181367246972072,10.60618433351245,12.810685399787554,4000.0,0.9997607734215435
subj_stdev__128,11.643603326939129,0.5738771306086511,0.0059374122982468695,10.573428634466632,12.85177797539473,4000.0,0.9997579948311915
subj_stdev__129,11.13699431924129,0.5492317411623482,0.005033137430036288,10.040624205868319,12.19210946728647,4000.0,0.9997499924684894
subj_stdev__130,8.900794254503667,0.4484005086809908,0.0044248380744494956,7.9988867686378855,9.742232484246887,4000.0,0.999957363552593
subj_stdev__131,11.788248793111157,0.5792607290805896,0.005781182282124523,10.628272714858216,12.904488914546098,4000.0,0.9998408735631651
subj_stdev__132,10.398843700581144,0.5262673786362219,0.0052205199053910415,9.414710893790598,11.43908558729252,4000.0,0.9997565808814037
subj_stdev__133,10.231495821089707,0.5138473982166897,0.0052011313607133024,9.272284250259862,11.252949340960573,4000.0,0.9998163499945423
subj_stdev__134,10.769539312578262,0.5383869335506967,0.005381787969283483,9.742026724313204,11.791414241165384,4000.0,0.9998780108309966
subj_stdev__135,8.940465449716406,0.42527003231301364,0.005079113950964974,8.145439240942114,9.779183826142583,4000.0,0.9998420414997423
subj_stdev__136,11.49946605513123,0.5847862763587274,0.00646529780286083,10.43448428639753,12.715757658144625,4000.0,0.99994609019371
subj_stdev__137,9.863426521722914,0.487055907469407,0.004534848490083577,8.92336175209949,10.810233921787717,4000.0,0.9997501877994006
subj_stdev__138,8.617823212335159,0.4148506386501066,0.0034182406796735947,7.791283332614846,9.409500673998599,4000.0,0.9998850543917893
subj_stdev__139,11.409576815338616,0.5765377782437454,0.006871237486938857,10.286863479319452,12.488754586363381,4000.0,0.9997562147518644
subj_stdev__140,8.813361989172867,0.4394414762190438,0.004498431222634017,8.006907925019208,9.733686690436794,4000.0,0.9999203157074618
subj_stdev__141,10.519517787750573,0.5195519449930116,0.005481005287725856,9.519735231751472,11.559548794196665,4000.0,1.0001823038870328
subj_stdev__142,9.20365704831661,0.462900736038776,0.004418665816256138,8.357808639706187,10.115637620591626,4000.0,0.999815651684446
subj_stdev__143,9.465897162678338,0.4778972830350236,0.005592031544685669,8.5356186376701,10.393448618563754,4000.0,1.0005442962711086
subj_stdev__144,10.653640018289051,0.5272544934426588,0.006016298688347287,9.696578461648423,11.716299691994527,4000.0,0.9997673151764598
subj_stdev__145,8.825528526064494,0.4238581928506106,0.0052900057466672935,8.034984870067516,9.662215154723144,4000.0,1.0000562157197774
subj_stdev__146,9.744164393713637,0.4820070881634122,0.005766687622396965,8.88082215702767,10.714094950251361,4000.0,0.9997659079220326
subj_stdev__147,8.163619141556532,0.4108793673073392,0.004160823325037289,7.375517450998051,8.956905678673994,4000.0,1.0000506933376483
subj_stdev__148,11.428146474643315,0.5582064420146687,0.0061610761470029555,10.42008770972067,12.616441509573907,4000.0,0.9998955512948882
subj_stdev__149,10.254606179659357,0.5032125926719265,0.005413317118510057,9.33131859133009,11.317169575961918,4000.0,0.9998066080609712
subj_stdev__150,8.460307101890617,0.4183649277535358,0.0044723804265626175,7.68888089182506,9.321071014553299,4000.0,1.0002733678375213
subj_stdev__151,8.92169090003567,0.44957311754553747,0.004385679513405861,8.045584914097141,9.778221361601052,4000.0,0.999794030202956
subj_stdev__152,10.829090389271428,0.5392404295549341,0.005219237350640187,9.792812488249655,11.886072400121948,4000.0,0.9997776628124866
subj_stdev__153,11.04778723400916,0.5281487975772959,0.005673643852957386,10.004665135613488,12.030764184542353,4000.0,0.9998373799500363
subj_stdev__154,8.870540267865858,0.44487191006059584,0.0047310943544096274,8.090337373005882,9.818829187918693,4000.0,0.9997613480166724
subj_stdev__155,10.683800983104197,0.5546333813344646,0.005729914268870293,9.596903331915582,11.760292881602735,4000.0,0.9997561326930591
subj_stdev__156,9.648464454710082,0.4847414998428586,0.005235048286329252,8.725829729392506,10.645188413202597,4000.0,0.9997754260314645
subj_stdev__157,11.199856807688628,0.5569309287691778,0.005560500529535455,10.125010731546382,12.252200827651027,4000.0,0.9999645326618243
subj_stdev__158,10.71738018674865,0.5476326240332442,0.006001622477495044,9.62831583778536,11.765339760837593,4000.0,0.9998130595252976
subj_stdev__159,11.438842850470506,0.5845672738507836,0.00623850843454014,10.3552390995198,12.699288769117313,4000.0,0.999838997047214
